<?xml version="1.0" encoding="utf-8"?>
<ADI xmlns:xsi="http://www.w3.org/2001/XMLSchema-instance" xmlns:xsd="http://www.w3.org/2001/XMLSchema" xmlns="http://www.eventis.nl/PRODIS/ADI">
  <Metadata>
    <AMS Asset_Class="package" Asset_ID="PAID0000000001615635" Asset_Name="Deadly Women (s8): ep 15" Creation_Date="2018-10-01 12:24:54" Description="Deadly Women (s8): ep 15" Product="" Provider="Sony Entertainment TV" Provider_ID="SEN" Verb="" Version_Major="1" Version_Minor="0" />
    <App_Data App="VOD" Name="Metadata_Spec_Version" Value="CableLabsVOD1.1" />
    <App_Data App="VOD" Name="Provider_Content_Tier" Value="Digit" />
  </Metadata>
  <Asset>
    <Metadata>
      <AMS Asset_Class="title" Asset_ID="TITL0000000001615635" Asset_Name="Deadly Women (s8): ep 15" Creation_Date="2018-10-01 12:24:54" Description="Deadly Women (s8): ep 15 Title" Product="" Provider="Sony Entertainment TV" Provider_ID="SEN" Verb="" Version_Major="1" Version_Minor="0" />
      <App_Data App="VOD" Name="Title_Sort_Name" Value="Deadly Women (s8): ep 15" />
      <App_Data App="VOD" Name="Summary_Long" Value="Dramatic reenactments of some of the most infamous and fascinating murders from around the world." />
      <App_Data App="VOD" Name="Summary_Medium" Value="Some women tread a fine line between anger and insanity. Violence, strong language and adult themes from the start, contains scenes some viewers may find upsetting." />
      <App_Data App="VOD" Name="Distributor_Name" Value="ODG" />
      <App_Data App="VOD" Name="Type" Value="title" />
      <App_Data App="VOD" Name="Rating" Value="15" />
      <App_Data App="VOD" Name="Run_Time" Value="00:45:00" />
      <App_Data App="VOD" Name="Country_of_Origin" Value="USA" />
      <App_Data App="VOD" Name="Studio_Code" Value="SEN" />
      <App_Data App="VOD" Name="Show_Type" Value="" />
      <App_Data App="VOD" Name="Billing_ID" Value="YMMR" />
      <App_Data App="VOD" Name="External_Reference" Value="001615635" />
      <App_Data App="VOD" Name="Licensing_Window_Start" Value="2018-09-28 23:30:00" />
      <App_Data App="VOD" Name="Licensing_Window_End" Value="2018-10-14 23:30:00" />
      <App_Data App="VOD" Name="ExtraData_1" Value="none" />
      <App_Data App="VOD" Name="ExtraData_3" Value="none" />
      <App_Data App="PTP" Name="Display_Provider" Value="Sony Entertainment TV" />
      <App_Data App="PTP" Name="UI_Location" Value="Factual" />
      <App_Data App="PTP" Name="Folder_Location" Value="CUTV" />
      <App_Data App="VOD" Name="Audience" Value="CUTV" />
      <App_Data App="VOD" Name="Broadcast_Date" Value="2018-09-28 22:30:00" />
      <App_Data App="VOD" Name="Episode_ID" Value="EP_445087" />
      <App_Data App="VOD" Name="Episode_Name" Value="Deadly Women (s8): ep 15" />
      <App_Data App="VOD" Name="Episode_Ordinal" Value="15" />
      <App_Data App="VOD" Name="Genre" Value="ReportingClass: CUTV" />
      <App_Data App="VOD" Name="Maximum_Viewing_Length" Value="00:24:00" />
      <App_Data App="VOD" Name="Series_ID" Value="SH_22715" />
      <App_Data App="VOD" Name="Series_Name" Value="Series 8" />
      <App_Data App="VOD" Name="Series_Ordinal" Value="8" />
      <App_Data App="VOD" Name="Show_ID" Value="SH_7886" />
      <App_Data App="VOD" Name="Show_Name" Value="Deadly Women" />
      <App_Data App="VOD" Name="Summary_Short" Value="Some women tread a fine line between anger and insanity." />
      <App_Data App="VOD" Name="Title" Value="Deadly Women (s8): ep 15" />
      <App_Data App="VOD" Name="Title_Brief" Value="Deadly Women (s8): ep 15" />
      <App_Data App="VOD" Name="Year" Value="2014" />
    </Metadata>
    <Asset>
      <Metadata>
        <AMS Asset_Class="movie" Asset_ID="ASST0000000001615635" Asset_Name="Deadly Women (s8): ep 15" Creation_Date="2018-10-01 12:24:54" Description="Deadly Women (s8): ep 15 Content" Product="" Provider="Sony Entertainment TV" Provider_ID="SEN" Verb="" Version_Major="1" Version_Minor="0" />
        <App_Data App="VOD" Name="Audio_Type" Value="" />
        <App_Data App="VOD" Name="CGMS_A" Value="" />
        <App_Data App="VOD" Name="Content_CheckSum" Value="" />
        <App_Data App="VOD" Name="Content_FileSize" Value="" />
        <App_Data App="VOD" Name="Copy_Protection" Value="Y" />
        <App_Data App="VOD" Name="Encoding_Type" Value="H264-HD" />
        <App_Data App="VOD" Name="HDContent" Value="Y" />
        <App_Data App="VOD" Name="Languages" Value="" />
        <App_Data App="VOD" Name="Screen_Format" Value="Widescreen" />
        <App_Data App="VOD" Name="Type" Value="movie" />
      </Metadata>
      <Content Value="" />
    </Asset>
  </Asset>
</ADI>