<?xml version="1.0" encoding="utf-8"?>
<ADI xmlns:xsi="http://www.w3.org/2001/XMLSchema-instance" xmlns:xsd="http://www.w3.org/2001/XMLSchema" xmlns="http://www.eventis.nl/PRODIS/ADI">
  <Metadata>
    <AMS Asset_Class="package" Asset_ID="PAID0000000001603262" Asset_Name="Apostasy" Creation_Date="2018-10-01 12:23:52" Description="Apostasy" Product="" Provider="Artificial Eye" Provider_ID="AEY" Verb="" Version_Major="1" Version_Minor="0" />
    <App_Data App="VOD" Name="Metadata_Spec_Version" Value="CableLabsVOD1.1" />
    <App_Data App="VOD" Name="Provider_Content_Tier" Value="Digit" />
  </Metadata>
  <Asset>
    <Metadata>
      <AMS Asset_Class="title" Asset_ID="TITL0000000001603262" Asset_Name="Apostasy" Creation_Date="2018-10-01 12:23:52" Description="Apostasy Title" Product="" Provider="Artificial Eye" Provider_ID="AEY" Verb="" Version_Major="1" Version_Minor="0" />
      <App_Data App="VOD" Name="Title_Sort_Name" Value="Apostasy" />
      <App_Data App="VOD" Name="Summary_Long" Value="Sisters Alex and Luisa have been Jehovah's Witnesses ever since they were born. But when Alex makes a mistake and Luisa is told to abandon her, she is faced with a decision that threatens to tear her family apart." />
      <App_Data App="VOD" Name="Summary_Medium" Value="When a young Jehovah's Witness is forced to abandon her sister, she begins to question her faith. Mild bad language, upsetting scenes." />
      <App_Data App="VOD" Name="Distributor_Name" Value="Filmflex" />
      <App_Data App="VOD" Name="Type" Value="title" />
      <App_Data App="VOD" Name="Rating" Value="PG" />
      <App_Data App="VOD" Name="Run_Time" Value="01:32:00" />
      <App_Data App="VOD" Name="Country_of_Origin" Value="UK" />
      <App_Data App="VOD" Name="Studio_Code" Value="AEY" />
      <App_Data App="VOD" Name="Show_Type" Value="" />
      <App_Data App="VOD" Name="Billing_ID" Value="YD32" />
      <App_Data App="VOD" Name="External_Reference" Value="001603262" />
      <App_Data App="VOD" Name="Licensing_Window_Start" Value="2018-09-17 06:00:00" />
      <App_Data App="VOD" Name="Licensing_Window_End" Value="2019-01-16 05:59:59" />
      <App_Data App="VOD" Name="ExtraData_1" Value="none" />
      <App_Data App="VOD" Name="ExtraData_3" Value="none" />
      <App_Data App="PTP" Name="Display_Provider" Value="FilmFlex" />
      <App_Data App="PTP" Name="UI_Location" Value="Movies: All Movies A-Z" />
      <App_Data App="PTP" Name="Folder_Location" Value="Movies" />
      <App_Data App="VOD" Name="Actors" Value="Siobhan Finneran" />
      <App_Data App="VOD" Name="Audience" Value="Movies" />
      <App_Data App="VOD" Name="Director" Value="Daniel Kokotajlo" />
      <App_Data App="VOD" Name="Genre" Value="ReportingClass: Movies" />
      <App_Data App="VOD" Name="Maximum_Viewing_Length" Value="00:48:00" />
      <App_Data App="VOD" Name="Summary_Short" Value="A young Jehovah's Witness begins to question her religion." />
      <App_Data App="VOD" Name="Title" Value="Apostasy" />
      <App_Data App="VOD" Name="Title_Brief" Value="Apostasy" />
      <App_Data App="VOD" Name="Year" Value="2017" />
    </Metadata>
    <Asset>
      <Metadata>
        <AMS Asset_Class="movie" Asset_ID="ASST0000000001603262" Asset_Name="Apostasy" Creation_Date="2018-10-01 12:23:52" Description="Apostasy Content" Product="" Provider="Artificial Eye" Provider_ID="AEY" Verb="" Version_Major="1" Version_Minor="0" />
        <App_Data App="VOD" Name="Audio_Type" Value="" />
        <App_Data App="VOD" Name="CGMS_A" Value="" />
        <App_Data App="VOD" Name="Content_CheckSum" Value="" />
        <App_Data App="VOD" Name="Content_FileSize" Value="" />
        <App_Data App="VOD" Name="Copy_Protection" Value="Y" />
        <App_Data App="VOD" Name="Encoding_Type" Value="H264-HD" />
        <App_Data App="VOD" Name="HDContent" Value="Y" />
        <App_Data App="VOD" Name="Languages" Value="" />
        <App_Data App="VOD" Name="Screen_Format" Value="Widescreen" />
        <App_Data App="VOD" Name="Type" Value="movie" />
      </Metadata>
      <Content Value="" />
    </Asset>
  </Asset>
</ADI>