<?xml version="1.0" encoding="utf-8"?>
<ADI xmlns:xsi="http://www.w3.org/2001/XMLSchema-instance" xmlns:xsd="http://www.w3.org/2001/XMLSchema" xmlns="http://www.eventis.nl/PRODIS/ADI">
  <Metadata>
    <AMS Asset_Class="package" Asset_ID="PAID0000000001600584" Asset_Name="Eddie Murphy Raw Preview" Creation_Date="2018-10-01 12:15:09" Description="Eddie Murphy Raw Preview" Product="" Provider="Paramount" Provider_ID="PAR" Verb="" Version_Major="1" Version_Minor="0" />
    <App_Data App="VOD" Name="Metadata_Spec_Version" Value="CableLabsVOD1.1" />
    <App_Data App="VOD" Name="Provider_Content_Tier" Value="Digit" />
  </Metadata>
  <Asset>
    <Metadata>
      <AMS Asset_Class="title" Asset_ID="TITL0000000001600584" Asset_Name="Eddie Murphy Raw Preview" Creation_Date="2018-10-01 12:15:09" Description="Eddie Murphy Raw Preview Title" Product="" Provider="Paramount" Provider_ID="PAR" Verb="" Version_Major="1" Version_Minor="0" />
      <App_Data App="VOD" Name="Title_Sort_Name" Value="Eddie Murphy Raw" />
      <App_Data App="VOD" Name="Summary_Long" Value="Eddie Murphy performs live at New York's Felt Forum in 1987. One of the comedian's most famous performances of all time, this routine covers numerous topics, including two of his favourites - sex and women." />
      <App_Data App="VOD" Name="Summary_Medium" Value="Eddie Murphy performs live at New York's Felt Forum in 1987. Contains strong language and sex references." />
      <App_Data App="VOD" Name="Distributor_Name" Value="Filmflex" />
      <App_Data App="VOD" Name="Type" Value="title" />
      <App_Data App="VOD" Name="Rating" Value="U" />
      <App_Data App="VOD" Name="Run_Time" Value="00:01:00" />
      <App_Data App="VOD" Name="Country_of_Origin" Value="USA" />
      <App_Data App="VOD" Name="Studio_Code" Value="PAR" />
      <App_Data App="VOD" Name="Show_Type" Value="" />
      <App_Data App="VOD" Name="Billing_ID" Value="YB0O" />
      <App_Data App="VOD" Name="External_Reference" Value="p001600584" />
      <App_Data App="VOD" Name="Licensing_Window_Start" Value="2018-10-01 06:00:00" />
      <App_Data App="VOD" Name="Licensing_Window_End" Value="2018-11-30 05:59:59" />
      <App_Data App="VOD" Name="ExtraData_1" Value="none" />
      <App_Data App="VOD" Name="ExtraData_3" Value="none" />
      <App_Data App="PTP" Name="Display_Provider" Value="FilmFlex" />
      <App_Data App="PTP" Name="UI_Location" Value="Movies: All Movies A-Z" />
      <App_Data App="PTP" Name="Folder_Location" Value="Kids CUTV" />
      <App_Data App="VOD" Name="Actors" Value="Eddie Murphy" />
      <App_Data App="VOD" Name="Audience" Value="Kids CUTV" />
      <App_Data App="VOD" Name="Director" Value="Robert Townsend" />
      <App_Data App="VOD" Name="Genre" Value="ReportingClass: CUTV Childrens" />
      <App_Data App="VOD" Name="Maximum_Viewing_Length" Value="00:48:00" />
      <App_Data App="VOD" Name="Summary_Short" Value="Eddie Murphy performs live in New York in 1987." />
      <App_Data App="VOD" Name="Title" Value="Eddie Murphy Raw Preview" />
      <App_Data App="VOD" Name="Title_Brief" Value="Eddie Murphy Raw Preview" />
      <App_Data App="VOD" Name="Year" Value="1987" />
    </Metadata>
    <Asset>
      <Metadata>
        <AMS Asset_Class="movie" Asset_ID="ASST0000000001600584" Asset_Name="Eddie Murphy Raw Preview" Creation_Date="2018-10-01 12:15:09" Description="Eddie Murphy Raw Preview Content" Product="" Provider="Paramount" Provider_ID="PAR" Verb="" Version_Major="1" Version_Minor="0" />
        <App_Data App="VOD" Name="Audio_Type" Value="" />
        <App_Data App="VOD" Name="CGMS_A" Value="" />
        <App_Data App="VOD" Name="Content_CheckSum" Value="" />
        <App_Data App="VOD" Name="Content_FileSize" Value="" />
        <App_Data App="VOD" Name="Copy_Protection" Value="Y" />
        <App_Data App="VOD" Name="Encoding_Type" Value="H264-HD" />
        <App_Data App="VOD" Name="HDContent" Value="Y" />
        <App_Data App="VOD" Name="Languages" Value="" />
        <App_Data App="VOD" Name="Screen_Format" Value="Widescreen" />
        <App_Data App="VOD" Name="Type" Value="movie" />
      </Metadata>
      <Content Value="" />
    </Asset>
  </Asset>
</ADI>